close,Predictions
138.61376953125,
137.68641662597656,
138.6042022705078,
137.95411682128906,
138.4512481689453,
137.93499755859375,
139.4072723388672,
138.3556365966797,
138.193115234375,
138.62332153320312,
138.15487670898438,
139.33078002929688,
139.53155517578125,
139.47418212890625,
138.94837951660156,
139.30210876464844,
140.07647705078125,
140.21987915039062,
140.30592346191406,
140.9942626953125,
141.14723205566406,
140.5831756591797,
142.12237548828125,
141.42446899414062,
141.14723205566406,
140.8030548095703,
142.5430145263672,
142.27532958984375,
143.4034423828125,
144.0248565673828,
148.8432159423828,
148.94837951660156,
148.6615753173828,
152.6099395751953,
154.34034729003906,
153.9579315185547,
153.9866180419922,
152.2084197998047,
154.87571716308594,
156.3671112060547,
156.11854553222656,
156.3384246826172,
156.7877655029297,
157.5717010498047,
158.7476043701172,
157.4091796875,
156.87380981445312,
156.6443634033203,
156.0420684814453,
155.67877197265625,
156.21414184570312,
157.0172119140625,
157.5908203125,
154.82791137695312,
153.13575744628906,
153.69981384277344,
155.14340209960938,
154.76100158691406,
152.93499755859375,
153.11663818359375,
156.29063415527344,
154.71319580078125,
152.89674377441406,
155.14340209960938,
158.5659637451172,
154.89483642578125,
155.28680419921875,
154.29254150390625,
152.02676391601562,
146.27151489257812,
147.3996124267578,
149.034423828125,
150.74569702148438,
151.05162048339844,
152.51434326171875,
153.0019073486328,
155.0478057861328,
154.27342224121094,
155.71701049804688,
156.4053497314453,
155.89866638183594,
157.04588317871094,
157.02676391601562,
156.7781982421875,
156.8260040283203,
157.1510467529297,
156.8355712890625,
156.73995971679688,
156.07073974609375,
156.73995971679688,
157.71510314941406,
158.90057373046875,
158.64244079589844,
158.12619018554688,
157.50477600097656,
160.87954711914062,
160.29637145996094,
161.08030700683594,
162.87762451171875,
163.26959228515625,
163.07839965820312,
164.579345703125,
165.26768493652344,
163.11663818359375,
161.05162048339844,
161.46270751953125,
161.66348266601562,
162.88719177246094,
162.04588317871094,
164.66539001464844,
162.44741821289062,
161.4340362548828,
163.0019073486328,
162.94454956054688,
163.08795166015625,
162.67686462402344,
160.8604278564453,
160.602294921875,
160.3728485107422,
159.82791137695312,
160.13385009765625,
161.50096130371094,
159.2351837158203,
158.78585815429688,
157.7915802001953,
157.50477600097656,
156.49139404296875,
157.11280822753906,
157.5908203125,
156.0038299560547,
155.9942626953125,
156.90248107910156,
155.1912078857422,
155.51625061035156,
157.2084197998047,
157.76290893554688,
158.91014099121094,
158.3938751220703,
158.8145294189453,
157.81069946289062,
160.24856567382812,
162.53346252441406,
163.04014587402344,
164.0057373046875,
166.86424255371094,
167.71510314941406,
169.89483642578125,
168.71893310546875,
168.72848510742188,
167.29444885253906,
166.3957977294922,
166.65391540527344,
166.56787109375,
167.8202667236328,
167.5717010498047,
177.06500244140625,
175.5736083984375,
176.76864624023438,
177.0363311767578,
175.6214141845703,
174.88528442382812,
173.374755859375,
173.8049774169922,
173.85276794433594,
172.8011474609375,
170.21987915039062,
170.965576171875,
163.93881225585938,
165.3728485107422,
158.91014099121094,
163.10707092285156,
155.3919677734375,
159.397705078125,
160.8030548095703,
165.38241577148438,
163.70936584472656,
163.93881225585938,
156.625244140625,
150.6118621826172,
151.988525390625,
157.09368896484375,
159.4263916015625,
158.29827880859375,
161.70172119140625,
165.0286865234375,
164.92352294921875,
164.3498992919922,
162.83938598632812,
159.63670349121094,
157.8489532470703,
159.9521942138672,
157.9827880859375,
154.27342224121094,
155.27725219726562,
156.24282836914062,
159.88528442382812,
162.6099395751953,
165.38241577148438,
165.51625061035156,
167.0363311767578,
165.4110870361328,
161.20458984375,
161.89292907714844,
166.8355712890625,
169.89483642578125,
169.7418670654297,
171.29063415527344,
167.1797332763672,
165.66921997070312,
167.05545043945312,
169.07266235351562,
173.69981384277344,
174.3690185546875,
178.41299438476562,
176.86424255371094,
177.93499755859375,
178.6042022705078,
182.1510467529297,
178.3843231201172,
171.03250122070312,
169.5889129638672,
169.45506286621094,
173.64244079589844,
174.2351837158203,
172.4282989501953,
173.96749877929688,
177.70555114746094,
179.2064971923828,
176.51051330566406,
173.374755859375,
175.8317413330078,
179.06309509277344,
178.18356323242188,
179.08221435546875,
179.01528930664062,
174.22561645507812,
175.28680419921875,
179.1395721435547,
179.11090087890625,
180.44932556152344,
178.41299438476562,
177.5621337890625,
177.09368896484375,
173.49903869628906,
173.33651733398438,
170.12428283691406,
169.27342224121094,
174.1969451904297,
172.9827880859375,
179.73231506347656,
181.11854553222656,
181.31930541992188,
182.44741821289062,
184.45506286621094,
185.51625061035156,
183.15487670898438,
186.0038299560547,
183.72848510742188,
182.74378967285156,
180.420654296875,
179.2351837158203,
175.49713134765625,
174.84703063964844,
179.0057373046875,
173.48948669433594,
174.034423828125,
176.625244140625,
176.81643676757812,
175.89866638183594,
177.9923553466797,
175.7935028076172,
178.10707092285156,
177.3804931640625,
176.53919982910156,
174.51242065429688,
173.6042022705078,
173.33651733398438,
174.30210876464844,
172.6099395751953,
171.28106689453125,
172.08413696289062,
173.10707092285156,
172.58126831054688,
180.2294464111328,
181.625244140625,
183.48948669433594,
183.29827880859375,
182.58126831054688,
182.08413696289062,
184.034423828125,
184.13002014160156,
184.14913940429688,
183.10707092285156,
185.12428283691406,
184.34034729003906,
184.84703063964844,
184.46463012695312,
184.63670349121094,
183.9579315185547,
184.14913940429688,
183.7667236328125,
183.79541015625,
184.53155517578125,
184.91395568847656,
184.88528442382812,
185.3441619873047,
188.91969299316406,
189.06309509277344,
188.8432159423828,
189.27342224121094,
188.07839965820312,
188.8432159423828,
190.06692504882812,
191.8355712890625,
188.5850830078125,
189.07266235351562,
191.02294921875,
191.7973175048828,
192.16061401367188,
194.818359375,
195.71701049804688,
196.9407196044922,
196.95028686523438,
196.67303466796875,
195.26768493652344,
195.68833923339844,
196.45315551757812,
196.44358825683594,
198.6328887939453,
198.06883239746094,
198.1739959716797,
199.11090087890625,
199.47418212890625,
200.2581329345703,
200.28680419921875,
196.988525390625,
196.4340362548828,
195.92733764648438,
193.43212890625,
193.67112731933594,
196.29063415527344,
193.88145446777344,
193.8049774169922,
198.32696533203125,
191.32887268066406,
190.73614501953125,
190.82217407226562,
189.88528442382812,
191.20458984375,
194.61758422851562,
196.53919982910156,
197.71510314941406,
197.97323608398438,
198.85276794433594,
198.91014099121094,
198.12619018554688,
195.9751434326172,
194.7896728515625,
192.6195068359375,
192.3804931640625,
191.7781982421875,
192.32313537597656,
190.66921997070312,
190.28680419921875,
190.9464569091797,
189.1873779296875,
187.26577758789062,
189.06309509277344,
188.1644287109375,
187.49522399902344,
187.46653747558594,
185.75526428222656,
187.8202667236328,
185.9751434326172,
184.4168243408203,
180.7648162841797,
180.24856567382812,
180.87954711914062,
185.45889282226562,
185.88909912109375,
186.55831909179688,
184.04397583007812,
185.9942626953125,
184.6080322265625,
186.52008056640625,
190.3441619873047,
189.56979370117188,
190.181640625,
190.03823852539062,
184.88528442382812,
185.181640625,
184.3785858154297,
183.50860595703125,
184.51242065429688,
182.9827880859375,
186.97897338867188,
187.2179718017578,
187.31358337402344,
186.70172119140625,
182.9923553466797,
181.32887268066406,
178.06883239746094,
177.10325622558594,
175.03823852539062,
177.829833984375,
176.66348266601562,
175.5736083984375,
179.9713134765625,
186.74952697753906,
183.9866180419922,
182.4378662109375,
181.9694061279297,
182.67686462402344,
185.420654296875,
187.7533416748047,
188.0305938720703,
187.3613739013672,
186.5965576171875,
185.89866638183594,
189.7896728515625,
190.0191192626953,
191.13766479492188,
190.27725219726562,
189.69407653808594,
190.52581787109375,
190.2581329345703,
189.56979370117188,
189.67495727539062,
192.0076446533203,
192.37094116210938,
191.68260192871094,
189.91395568847656,
188.57553100585938,
187.09368896484375,
189.07266235351562,
187.08413696289062,
186.30018615722656,
186.50096130371094,
184.86614990234375,
186.28106689453125,
185.98471069335938,
186.46270751953125,
190.3441619873047,
190.72657775878906,
192.11280822753906,
194.33078002929688,
194.8087921142578,
197.28489685058594,
197.71510314941406,
198.04014587402344,
197.9636688232422,
197.35182189941406,
197.11280822753906,
196.92160034179688,
196.26194763183594,
195.965576171875,
195.0286865234375,
196.8546905517578,
198.32696533203125,
201.21414184570312,
200.6118621826172,
201.2523956298828,
201.13766479492188,
201.32887268066406,
200.5927276611328,
198.8432159423828,
196.76864624023438,
196.71128845214844,
198.6615753173828,
199.7418670654297,
201.72084045410156,
191.806884765625,
186.38623046875,
184.85659790039062,
185.85086059570312,
182.83938598632812,
182.33270263671875,
183.1739959716797,
184.7705535888672,
185.9751434326172,
188.47991943359375,
184.92352294921875,
185.602294921875,
186.49139404296875,
182.7533416748047,
181.73995971679688,
181.30018615722656,
180.92733764648438,
180.03823852539062,
177.35182189941406,
177.67686462402344,
178.71893310546875,
181.97897338867188,
180.87954711914062,
181.92160034179688,
184.9808807373047,
184.397705078125,
182.8202667236328,
183.53729248046875,
183.10707092285156,
181.71128845214844,
181.14723205566406,
181.03250122070312,
180.35372924804688,
181.35755920410156,
183.50860595703125,
184.14913940429688,
185.65965270996094,
184.46463012695312,
183.54684448242188,
183.32696533203125,
185.10516357421875,
187.08413696289062,
186.50096130371094,
186.20458984375,
184.91395568847656,
183.93881225585938,
183.50860595703125,
184.2351837158203,
181.48184204101562,
183.12619018554688,
187.71510314941406,
186.68260192871094,
185.45889282226562,
184.64627075195312,
184.3881378173828,
183.86233520507812,
184.397705078125,
185.89866638183594,
184.14913940429688,
184.034423828125,
184.12045288085938,
185.13385009765625,
185.91778564453125,
187.4569854736328,
195.71701049804688,
195.43020629882812,
195.95602416992188,
195.91778564453125,
194.93307495117188,
194.56979370117188,
194.1395721435547,
196.1567840576172,
194.82791137695312,
193.87188720703125,
192.1797332763672,
190.95602416992188,
192.81069946289062,
191.35755920410156,
191.24282836914062,
191.29063415527344,
190.86997985839844,
192.14149475097656,
191.51051330566406,
190.54493713378906,
189.6080322265625,
192.2466583251953,
188.8240966796875,
190.38241577148438,
193.43212890625,
191.9980926513672,
193.9866180419922,
196.16635131835938,
197.44741821289062,
199.216064453125,
200.2103271484375,
201.12811279296875,
200.84129333496094,
201.29063415527344,
202.73422241210938,
206.30975341796875,
205.46844482421875,
203.83364868164062,
204.0535430908203,
205.602294921875,
202.92543029785156,
202.7533416748047,
201.47227478027344,
203.02102661132812,
201.6156768798828,
203.91969299316406,
203.04014587402344,
204.93307495117188,
203.30784606933594,
202.0172119140625,
200.2007598876953,
200.11471557617188,
200.0191192626953,
202.67686462402344,
203.55641174316406,
202.08413696289062,
200.05735778808594,
202.67686462402344,
200.44932556152344,
198.04014587402344,
181.6443634033203,
179.56979370117188,
183.18356323242188,
183.27915954589844,
185.420654296875,
185.7648162841797,
190.3919677734375,
193.6328887939453,
190.85086059570312,
193.48948669433594,
195.51625061035156,
193.86233520507812,
194.67495727539062,
195.8126220703125,
194.30210876464844,
195.47801208496094,
193.5659637451172,
194.27342224121094,
194.3785858154297,
195.68833923339844,
199.27342224121094,
198.47036743164062,
199.47418212890625,
197.88719177246094,
197.09368896484375,
196.67303466796875,
198.64244079589844,
198.7762908935547,
200.15296936035156,
198.87188720703125,
199.76100158691406,
197.12237548828125,
193.8240966796875,
194.8374786376953,
197.27532958984375,
196.0038299560547,
195.0095672607422,
192.35182189941406,
194.8087921142578,
193.30784606933594,
194.11090087890625,
195.8604278564453,
193.0592803955078,
188.67112731933594,
186.86424255371094,
185.0286865234375,
186.4053497314453,
186.29063415527344,
187.04588317871094,
182.70555114746094,
182.86807250976562,
183.07839965820312,
184.75143432617188,
186.35755920410156,
186.4053497314453,
182.88719177246094,
183.79541015625,
184.32122802734375,
183.62332153320312,
185.46844482421875,
185.32504272460938,
185.9942626953125,
189.28298950195312,
185.0286865234375,
185.5544891357422,
186.4053497314453,
187.9636688232422,
188.54684448242188,
188.67112731933594,
187.58126831054688,
187.3900604248047,
186.46270751953125,
187.1988525390625,
186.5774383544922,
186.90248107910156,
182.5908203125,
180.26768493652344,
179.66539001464844,
179.5602264404297,
180.77438354492188,
180.13385009765625,
179.28298950195312,
177.6195068359375,
177.18930053710938,
176.12811279296875,
176.44358825683594,
176.73040771484375,
177.04588317871094,
177.26577758789062,
176.6156768798828,
174.70362854003906,
174.14913940429688,
174.6080322265625,
174.25430297851562,
175.86997985839844,
175.07647705078125,
176.05162048339844,
174.9808807373047,
176.84512329101562,
178.3938751220703,
182.31358337402344,
182.34225463867188,
183.71893310546875,
184.6558380126953,
183.70936584472656,
185.86997985839844,
184.88528442382812,
181.66348266601562,
182.5908203125,
181.6156768798828,
181.13766479492188,
181.8546905517578,
178.69981384277344,
177.0363311767578,
178.18356323242188,
176.8260040283203,
175.77438354492188,
176.0038299560547,
174.0057373046875,
170.8604278564453,
173.34608459472656,
176.6443634033203,
177.97323608398438,
178.7476043701172,
176.53919982910156,
178.51815795898438,
167.14149475097656,
166.13766479492188,
165.2581329345703,
167.27532958984375,
168.04014587402344,
169.9808807373047,
169.07266235351562,
169.55067443847656,
174.11090087890625,
172.2275390625,
171.32887268066406,
171.34799194335938,
172.34225463867188,
170.0286865234375,
171.30975341796875,
172.08413696289062,
172.07456970214844,
174.8374786376953,
175.0191192626953,
175.47801208496094,
174.1969451904297,
175.13385009765625,
176.35755920410156,
177.10325622558594,
177.04588317871094,
176.03250122070312,
173.32696533203125,
171.07073974609375,
169.51242065429688,
171.09942626953125,
171.7781982421875,
169.67495727539062,
168.33651733398438,
168.011474609375,
168.33651733398438,
169.85659790039062,
169.6558380126953,
169.33078002929688,
167.49522399902344,
165.74569702148438,
165.2007598876953,
170.0286865234375,
168.0305938720703,
170.84129333496094,
172.29444885253906,
172.10325622558594,
174.216064453125,
175.1625213623047,
177.1988525390625,
176.9407196044922,
178.2122344970703,
179.32122802734375,
177.37094116210938,
178.43212890625,
177.8202667236328,
181.3671112060547,
179.70362854003906,
179.1395721435547,
179.0248565673828,
176.06118774414062,
177.74378967285156,
179.48374938964844,
180.45889282226562,
181.73040771484375,
180.14340209960938,
174.2351837158203,
174.69407653808594,
171.73995971679688,
170.07647705078125,
169.07266235351562,
168.64244079589844,
169.5602264404297,
168.91014099121094,
165.29637145996094,
165.23899841308594,
166.5774383544922,
166.988525390625,
169.45506286621094,
169.3498992919922,
171.7973175048828,
172.31358337402344,
173.8432159423828,
175.6118621826172,
175.13385009765625,
174.90440368652344,
176.1567840576172,
174.75143432617188,
175.38241577148438,
175.17208862304688,
175.965576171875,
177.12237548828125,
177.02676391601562,
176.1567840576172,
178.2409210205078,
178.91014099121094,
179.3881378173828,
179.4263916015625,
178.193115234375,
178.54684448242188,
178.0305938720703,
175.8126220703125,
174.1969451904297,
177.6386260986328,
178.5946502685547,
176.58700561523438,
179.63670349121094,
178.46080017089844,
179.9713134765625,
186.46270751953125,
184.14913940429688,
181.48184204101562,
182.07456970214844,
184.0248565673828,
185.9464569091797,
185.03823852539062,
184.216064453125,
183.33651733398438,
185.965576171875,
184.7896728515625,
187.9923553466797,
187.07456970214844,
186.6061248779297,
189.07266235351562,
188.3556365966797,
187.76290893554688,
181.65391540527344,
183.8145294189453,
183.69981384277344,
183.29827880859375,
181.8546905517578,
181.29063415527344,
184.64627075195312,
186.52963256835938,
187.829833984375,
185.0191192626953,
183.02102661132812,
182.8489532470703,
181.67303466796875,
180.9751434326172,
180.602294921875,
181.72084045410156,
184.10133361816406,
183.73805236816406,
180.420654296875,
178.26004028320312,
178.83364868164062,
178.7762908935547,
176.7590789794922,
178.193115234375,
177.51434326171875,
177.76290893554688,
176.65391540527344,
175.0286865234375,
175.67877197265625,
176.2523956298828,
177.52389526367188,
176.26194763183594,
176.3957977294922,
177.8011474609375,
178.1739959716797,
178.0305938720703,
176.1854705810547,
174.2351837158203,
173.25047302246094,
174.53155517578125,
174.33078002929688,
174.24473571777344,
175.52581787109375,
174.78012084960938,
173.5659637451172,
174.13002014160156,
172.92543029785156,
172.7724609375,
172.4378662109375,
173.71893310546875,
173.29827880859375,
178.15487670898438,
180.10516357421875,
180.23899841308594,
179.7705535888672,
178.9866180419922,
180.13385009765625,
179.4455108642578,
179.73231506347656,
181.51051330566406,
180.2007598876953,
183.90057373046875,
184.0248565673828,
184.034423828125,
182.4569854736328,
185.5544891357422,
185.11471557617188,
186.65391540527344,
185.85086059570312,
187.170166015625,
186.0133819580078,
185.46844482421875,
183.2409210205078,
180.8317413330078,
181.30018615722656,
178.87188720703125,
177.7915802001953,
176.1950225830078,
178.4225616455078,
179.22561645507812,
179.10133361816406,
179.68450927734375,
179.61758422851562,
179.1395721435547,
181.03250122070312,
181.71128845214844,
181.73995971679688,
182.8202667236328,
182.0363311767578,
182.7533416748047,
184.50286865234375,
183.79541015625,
183.55641174316406,
183.8432159423828,
183.13575744628906,
183.50860595703125,
182.29444885253906,
182.7915802001953,
181.7781982421875,
181.63479614257812,
183.11663818359375,
183.28871154785156,
182.86807250976562,
183.374755859375,
184.47418212890625,
184.32122802734375,
185.2294464111328,
185.46844482421875,
184.61758422851562,
183.193115234375,
183.85276794433594,
180.69789123535156,
181.70172119140625,
181.30018615722656,
181.48184204101562,
178.93881225585938,
178.69024658203125,
180.3728485107422,
180.72657775878906,
177.5430145263672,
181.03250122070312,
178.2218017578125,
177.7533416748047,
175.44932556152344,
175.71701049804688,
173.75717163085938,
171.93116760253906,
174.04397583007812,
161.66348266601562,
156.05162048339844,
154.67495727539062,
155.0478057861328,
154.9521942138672,
154.75143432617188,
156.4053497314453,
156.27151489257812,
157.12237548828125,
157.170166015625,
157.13192749023438,
155.49713134765625,
154.70362854003906,
154.35946655273438,
154.94264221191406,
156.30018615722656,
156.11854553222656,
154.7992401123047,
155.6309814453125,
156.9407196044922,
156.9407196044922,
154.7705535888672,
154.33078002929688,
153.57553100585938,
153.8432159423828,
155.0191192626953,
154.64627075195312,
154.82791137695312,
155.03823852539062,
154.43594360351562,
155.51625061035156,
157.28489685058594,
156.8355712890625,
156.08985900878906,
154.7418670654297,
155.82217407226562,
153.4512481689453,
153.9866180419922,
148.54684448242188,
146.32887268066406,
144.75143432617188,
145.24856567382812,
150.74569702148438,
151.53919982910156,
154.34034729003906,
155.10516357421875,
154.70362854003906,
155.2007598876953,
153.4512481689453,
153.011474609375,
153.3843231201172,
154.93307495117188,
152.49522399902344,
149.2064971923828,
148.23135375976562,
151.45315551757812,
152.11280822753906,
149.5602264404297,
149.91395568847656,
148.94837951660156,
147.7724609375,
150.2294464111328,
150.0478057861328,
145.4015350341797,
148.55641174316406,
149.01528930664062,
149.48374938964844,
146.91204833984375,
144.88528442382812,
148.64244079589844,
146.56787109375,
147.85850524902344,
151.50096130371094,
150.05735778808594,
150.965576171875,
149.82791137695312,
148.90057373046875,
151.58700561523438,
151.24282836914062,
151.5487518310547,
153.34608459472656,
153.88145446777344,
155.05735778808594,
156.68260192871094,
156.45315551757812,
155.74569702148438,
157.58126831054688,
155.6501007080078,
153.79541015625,
154.818359375,
153.4225616455078,
153.94837951660156,
152.4091796875,
154.09178161621094,
151.52963256835938,
153.69981384277344,
150.86997985839844,
149.90440368652344,
151.03250122070312,
147.49522399902344,
150.17208862304688,
150.05735778808594,
152.7820281982422,
152.7820281982422,
155.71701049804688,
157.3900604248047,
155.8317413330078,
152.1988525390625,
153.52772521972656,
153.34608459472656,
155.51625061035156,
153.44168090820312,
152.1797332763672,
153.3938751220703,
154.91395568847656,
154.94264221191406,
154.73231506347656,
155.2007598876953,
155.69789123535156,
155.23899841308594,
155.1625213623047,
156.91204833984375,
155.95602416992188,
153.6042022705078,
158.85276794433594,
157.0363311767578,
158.08795166015625,
162.7533416748047,
162.31358337402344,
163.2218017578125,
166.27151489257812,
166.73040771484375,
163.75717163085938,
166.03250122070312,
166.31930541992188,
165.46844482421875,
162.5717010498047,
163.47036743164062,
165.08604431152344,
163.5946502685547,
163.04971313476562,
164.70362854003906,
166.3957977294922,
165.64053344726562,
165.44932556152344,
165.85086059570312,
166.11854553222656,
165.71701049804688,
164.64627075195312,
162.64817810058594,
164.43594360351562,
164.15870666503906,
162.18930053710938,
162.69598388671875,
162.18930053710938,
162.44741821289062,
160.9751434326172,
160.03823852539062,
158.06883239746094,
158.3938751220703,
161.49139404296875,
161.35755920410156,
159.64627075195312,
158.94837951660156,
159.50286865234375,
159.818359375,
160.85086059570312,
159.64627075195312,
160.35372924804688,
161.20458984375,
159.6271514892578,
158.7762908935547,
158.18356323242188,
155.8030548095703,
155.50669860839844,
157.25621032714844,
157.829833984375,
157.48565673828125,
157.74378967285156,
155.98471069335938,
156.6443634033203,
159.6080322265625,
161.93116760253906,
161.1950225830078,
161.11854553222656,
163.47991943359375,
164.92352294921875,
165.602294921875,
155.89866638183594,
153.29827880859375,
154.61758422851562,
152.72467041015625,
152.07456970214844,
153.011474609375,
154.0057373046875,
153.88145446777344,
154.86614990234375,
151.73040771484375,
150.66921997070312,
150.95602416992188,
149.4455108642578,
148.29827880859375,
149.85659790039062,
148.67112731933594,
149.29254150390625,
148.25047302246094,
148.90057373046875,
149.43594360351562,
149.14913940429688,
147.170166015625,
145.9464569091797,
142.30401611328125,
137.16061401367188,
134.76100158691406,
140.24856567382812,
142.0076446533203,
141.47227478027344,
141.38623046875,
136.4053497314453,
138.67112731933594,
140.32504272460938,
137.3804931640625,
140.75526428222656,
138.67112731933594,
139.7705535888672,
140.88909912109375,
139.24473571777344,
141.0420684814453,
141.88336181640625,
141.625244140625,
138.15487670898438,
140.03823852539062,
138.07839965820312,
137.34225463867188,
138.0592803955078,
139.0248565673828,
136.2523956298828,
136.20458984375,
138.5946502685547,
137.27532958984375,
138.2218017578125,
142.48565673828125,
142.23709106445312,
143.48948669433594,
145.5831756591797,
145.68833923339844,
144.49330139160156,
143.04014587402344,
143.41299438476562,
143.48948669433594,
143.7762908935547,
142.65774536132812,
134.45506286621094,
134.72274780273438,
137.7533416748047,
138.31739807128906,
137.34225463867188,
131.7973175048828,
134.63670349121094,
134.3690185546875,
133.91969299316406,
134.1969451904297,
135.64053344726562,
135.4015350341797,
133.73805236816406,
132.170166015625,
129.35946655273438,
129.51242065429688,
129.08221435546875,
127.18929290771484,
125.95602416992188,
127.82982635498047,
127.93498992919922,
129.84703063964844,
130.72657775878906,
132.4091796875,
132.37094116210938,
132.50477600097656,
131.93116760253906,
132.37094116210938,
133.28871154785156,
135.06692504882812,
133.55641174316406,
132.81069946289062,
134.25430297851562,
133.41299438476562,
131.97897338867188,
130.602294921875,
130.7648162841797,
128.65200805664062,
129.9521942138672,
131.73040771484375,
133.1644287109375,
130.73614501953125,
128.96749877929688,
129.54110717773438,
131.86424255371094,
132.44741821289062,
132.170166015625,
131.55831909179688,
133.6328887939453,
133.2122344970703,
131.56787109375,
129.9713134765625,
129.87571716308594,
129.22561645507812,
127.01720428466797,
125.84130096435547,
127.37093353271484,
127.05545043945312,
125.40152740478516,
127.06501007080078,
124.31166076660156,
122.4760971069336,
116.5009536743164,
117.5047836303711,
117.11280822753906,
116.7112808227539,
117.1988525390625,
115.64053344726562,
116.84512329101562,
119.3021011352539,
119.34034729003906,
117.53346252441406,
119.23518371582031,
122.03633117675781,
122.9158706665039,
121.39579010009766,
118.61376953125,
114.9043960571289,
112.66730499267578,
115.7170181274414,
117.34225463867188,
120.55449676513672,
126.62523651123047,
127.22753143310547,
127.88719177246094,
126.57743835449219,
126.95984649658203,
128.5850830078125,
126.22370910644531,
125.26768493652344,
128.46080017089844,
130.30592346191406,
131.73995971679688,
131.73995971679688,
133.9866180419922,
132.95411682128906,
134.2351837158203,
134.0248565673828,
136.09942626953125,
136.50096130371094,
136.67303466796875,
138.4225616455078,
140.5736083984375,
140.6214141845703,
142.09368896484375,
141.58700561523438,
139.0057373046875,
141.44358825683594,
141.87380981445312,
142.76290893554688,
141.88336181640625,
144.7896728515625,
145.8126220703125,
145.38241577148438,
143.4034423828125,
143.4225616455078,
141.73040771484375,
142.7820281982422,
142.68641662597656,
143.04971313476562,
144.579345703125,
144.51242065429688,
145.0478057861328,
145.82217407226562,
137.66729736328125,
139.68450927734375,
142.73422241210938,
141.9694061279297,
142.26577758789062,
142.52389526367188,
143.85276794433594,
140.602294921875,
139.52198791503906,
138.88145446777344,
137.7915802001953,
137.90631103515625,
140.0286865234375,
140.8126220703125,
140.8604278564453,
143.374755859375,
142.3996124267578,
142.29444885253906,
141.2237091064453,
142.88719177246094,
141.49139404296875,
140.8604278564453,
138.55641174316406,
140.77438354492188,
140.31549072265625,
141.7877655029297,
145.0191192626953,
145.73614501953125,
146.11854553222656,
146.97897338867188,
145.8030548095703,
146.74952697753906,
146.16635131835938,
146.0133819580078,
146.58700561523438,
147.2275390625,
146.67303466796875,
145.66921997070312,
144.6271514892578,
144.4168243408203,
144.0535430908203,
144.4168243408203,
145.30592346191406,
146.8546905517578,
147.27532958984375,
146.1950225830078,
148.51815795898438,
140.14340209960938,
137.18930053710938,
139.29254150390625,
141.93116760253906,
145.10516357421875,
145.6501007080078,
145.0095672607422,
145.66921997070312,
145.88909912109375,
147.66729736328125,
148.49903869628906,
150.13385009765625,
151.07073974609375,
153.23135375976562,
152.7533416748047,
152.829833984375,
152.5621337890625,
154.26385498046875,
153.3938751220703,
154.94264221191406,
155.49713134765625,
154.9904327392578,
154.71319580078125,
154.27342224121094,
153.55641174316406,
154.3498992919922,
153.51815795898438,
153.6042022705078,
154.4455108642578,
156.30975341796875,
154.91395568847656,
154.6558380126953,
154.9521942138672,
156.3384246826172,
154.82791137695312,
154.76100158691406,
153.6328887939453,
153.3843231201172,
154.26385498046875,
153.0019073486328,
152.9636688232422,
153.2122344970703,
152.05545043945312,
151.65391540527344,
151.35755920410156,
152.69598388671875,
152.3900604248047,
151.89292907714844,
152.52389526367188,
152.53346252441406,
153.29827880859375,
154.53155517578125,
152.0076446533203,
148.8432159423828,
151.32887268066406,
148.9579315185547,
147.27532958984375,
148.8145294189453,
147.07456970214844,
148.0592803955078,
147.65774536132812,
148.69024658203125,
149.24473571777344,
148.1644287109375,
147.2084197998047,
149.87571716308594,
151.32887268066406,
151.1567840576172,
151.86424255371094,
150.67877197265625,
149.579345703125,
150.17208862304688,
149.9808807373047,
148.8240966796875,
150.11471557617188,
147.9827880859375,
147.50477600097656,
146.95985412597656,
147.65774536132812,
147.9636688232422,
144.09178161621094,
144.6080322265625,
144.85659790039062,
143.04971313476562,
143.94837951660156,
144.24473571777344,
145.13385009765625,
146.6061248779297,
145.89866638183594,
146.93116760253906,
146.07073974609375,
145.26768493652344,
145.66921997070312,
145.72657775878906,
148.87188720703125,
148.34608459472656,
148.0019073486328,
153.1739959716797,
154.17782592773438,
151.2523956298828,
151.69215393066406,
152.28489685058594,
152.7724609375,
153.33651733398438,
155.6118621826172,
155.51625061035156,
154.85659790039062,
155.965576171875,
157.28489685058594,
156.3384246826172,
155.08604431152344,
152.7915802001953,
152.9827880859375,
152.81069946289062,
153.29827880859375,
157.5430145263672,
158.08795166015625,
159.1969451904297,
158.2218017578125,
160.88909912109375,
161.09942626953125,
160.6309814453125,
159.397705078125,
159.3498992919922,
160.2294464111328,
159.9713134765625,
159.71319580078125,
159.3785858154297,
159.7896728515625,
158.88145446777344,
159.27342224121094,
158.69024658203125,
159.8374786376953,
161.81643676757812,
161.28106689453125,
162.07456970214844,
160.27725219726562,
158.2409210205078,
160.3728485107422,
160.56405639648438,
159.9808807373047,
160.50669860839844,
159.46463012695312,
159.47418212890625,
163.04971313476562,
163.50860595703125,
168.1644287109375,
170.44932556152344,
170.8030548095703,
169.50286865234375,
168.06883239746094,
166.84512329101562,
166.625244140625,
166.90248107910156,
168.08795166015625,
168.12619018554688,
170.6118621826172,
168.4225616455078,
169.4168243408203,
170.82217407226562,
171.47227478027344,
172.2084197998047,
173.69024658203125,
173.4512481689453,
172.72467041015625,
172.33270263671875,
173.18356323242188,
173.6615753173828,
173.374755859375,
171.51051330566406,
171.91204833984375,
173.94837951660156,
172.5908203125,
172.13192749023438,
172.53346252441406,
172.44741821289062,
171.55831909179688,
169.3881378173828,
170.0095672607422,
168.69981384277344,
167.9923553466797,
168.07839965820312,
169.4455108642578,
167.92543029785156,
167.97323608398438,
166.2332763671875,
167.09368896484375,
167.13192749023438,
166.1854705810547,
166.12811279296875,
166.8355712890625,
166.29063415527344,
166.21414184570312,
166.48184204101562,
166.8260040283203,
166.84512329101562,
165.27725219726562,
164.86614990234375,
164.56979370117188,
163.67112731933594,
163.07839965820312,
163.15487670898438,
162.07456970214844,
163.57553100585938,
162.5717010498047,
154.579345703125,
155.1625213623047,
153.32696533203125,
153.68069458007812,
153.33651733398438,
153.02102661132812,
153.26959228515625,
153.2409210205078,
151.8546905517578,
152.10325622558594,
151.65391540527344,
152.05545043945312,
148.23135375976562,
146.30018615722656,
145.420654296875,
144.5984649658203,
144.0248565673828,
143.75717163085938,
144.84703063964844,
146.92160034179688,
144.29254150390625,
144.14913940429688,
145.29637145996094,
145.92733764648438,
145.3441619873047,
145.8030548095703,
146.46270751953125,
145.783935546875,
145.05735778808594,
145.91778564453125,
145.95602416992188,
145.36329650878906,
145.70745849609375,
145.66921997070312,
144.34034729003906,
145.4110870361328,
147.32313537597656,
148.3556365966797,
147.46653747558594,
147.04588317871094,
147.4378662109375,
148.54684448242188,
148.0305938720703,
148.13575744628906,
147.02676391601562,
147.6099395751953,
147.33270263671875,
148.4034423828125,
147.94454956054688,
148.48948669433594,
147.35182189941406,
147.06500244140625,
148.73805236816406,
146.91204833984375,
145.65965270996094,
146.21414184570312,
146.67303466796875,
146.45315551757812,
146.9407196044922,
146.87380981445312,
147.4569854736328,
146.28106689453125,
147.2275390625,
141.0420684814453,
141.16635131835938,
140.6118621826172,
139.56979370117188,
139.76100158691406,
138.96749877929688,
138.69024658203125,
137.94454956054688,
138.30784606933594,
138.91014099121094,
138.09751892089844,
138.5659637451172,
138.7762908935547,
137.16061401367188,
135.8604278564453,
135.53536987304688,
135.602294921875,
135.602294921875,
136.06118774414062,
135.82217407226562,
136.2332763671875,
134.51242065429688,
133.55641174316406,
134.15870666503906,
134.8087921142578,
135.88909912109375,
136.65391540527344,
137.41873168945312,
136.24282836914062,
136.84512329101562,
136.29063415527344,
136.73995971679688,
137.74378967285156,
136.74952697753906,
137.49522399902344,
136.6156768798828,
136.1854705810547,
138.48948669433594,
139.3498992919922,
139.56979370117188,
139.1395721435547,
138.4512481689453,
138.193115234375,
138.04014587402344,
139.46463012695312,
138.87188720703125,
138.7476043701172,
139.45506286621094,
140.11471557617188,
139.25430297851562,
139.25430297851562,
138.69981384277344,
140.2103271484375,
140.32504272460938,
140.03823852539062,
140.26768493652344,
140.03823852539062,
140.90821838378906,
141.9694061279297,
141.12811279296875,
140.56405639648438,
140.6309814453125,
140.3728485107422,
140.09559631347656,
152.51434326171875,
153.8240966796875,
154.94264221191406,
152.53346252441406,
149.0248565673828,
146.74952697753906,
146.84512329101562,
146.92160034179688,
147.5717010498047,
147.28489685058594,
147.25621032714844,
146.6061248779297,
144.91395568847656,
144.2064971923828,
144.69407653808594,
144.90440368652344,
143.69024658203125,
142.6003875732422,
141.87380981445312,
142.34225463867188,
140.6309814453125,
142.5621337890625,
142.41873168945312,
143.89100646972656,
145.26768493652344,
145.09559631347656,
145.1625213623047,
145.29637145996094,
145.7648162841797,
146.7973175048828,
147.1988525390625,
147.95411682128906,
149.579345703125,
148.51815795898438,
147.32313537597656,
146.81643676757812,
148.0019073486328,
148.57553100585938,
149.84703063964844,
147.14149475097656,
147.2275390625,
145.7935028076172,
146.58700561523438,
146.49139404296875,
146.2237091064453,
144.8374786376953,
145.7935028076172,
146.10899353027344,
146.3957977294922,
147.26577758789062,
146.67303466796875,
147.46653747558594,
151.52008056640625,
154.5889129638672,
155.3441619873047,
156.28106689453125,
156.625244140625,
156.95985412597656,
156.97897338867188,
155.965576171875,
156.6443634033203,
161.2332763671875,
161.68260192871094,
155.2294464111328,
155.44932556152344,
158.93881225585938,
158.09751892089844,
158.193115234375,
159.9808807373047,
159.46463012695312,
156.42446899414062,
156.50096130371094,
155.2581329345703,
152.0363311767578,
145.82217407226562,
148.50860595703125,
147.08413696289062,
141.09942626953125,
142.93499755859375,
144.7418670654297,
144.12045288085938,
147.95411682128906,
149.14913940429688,
149.31166076660156,
148.33651733398438,
147.18930053710938,
146.44358825683594,
148.68069458007812,
151.6061248779297,
149.66539001464844,
148.97705078125,
147.04588317871094,
147.69598388671875,
150.0478057861328,
148.87188720703125,
151.35755920410156,
149.34034729003906,
152.30401611328125,
153.2122344970703,
152.31358337402344,
151.16635131835938,
152.5908203125,
153.2122344970703,
150.43020629882812,
149.33078002929688,
149.7992401123047,
145.4015350341797,
142.34225463867188,
146.625244140625,
145.2294464111328,
145.8126220703125,
146.68260192871094,
143.47036743164062,
143.26004028320312,
147.34225463867188,
147.25621032714844,
143.94837951660156,
145.9751434326172,
148.55641174316406,
148.52772521972656,
151.11854553222656,
149.818359375,
150.9464569091797,
153.83364868164062,
142.2466583251953,
141.20458984375,
138.52772521972656,
139.4455108642578,
139.15870666503906,
139.52198791503906,
140.26768493652344,
140.03823852539062,
138.5850830078125,
138.62332153320312,
136.1854705810547,
135.74569702148438,
137.58126831054688,
136.92160034179688,
136.71128845214844,
136.3384246826172,
137.89674377441406,
137.8011474609375,
137.95411682128906,
137.41873168945312,
138.26959228515625,
138.1453094482422,
137.74378967285156,
139.09178161621094,
138.70936584472656,
138.30784606933594,
137.73422241210938,
137.32313537597656,
135.0095672607422,
136.34799194335938,
135.09559631347656,
135.70745849609375,
136.74952697753906,
137.3804931640625,
138.34608459472656,
138.96749877929688,
139.71319580078125,
140.13385009765625,
140.4110870361328,
139.91395568847656,
138.8145294189453,
138.9961700439453,
138.12619018554688,
137.5717010498047,
136.35755920410156,
135.03823852539062,
135.06692504882812,
132.68641662597656,
132.9636688232422,
131.4340362548828,
133.88145446777344,
133.55641174316406,
133.70936584472656,
133.43212890625,
135.2103271484375,
136.21414184570312,
138.04014587402344,
138.34608459472656,
138.5659637451172,
140.0095672607422,
139.48374938964844,
139.06309509277344,
137.1797332763672,
138.1644287109375,
142.67686462402344,
139.91395568847656,
139.29254150390625,
139.94264221191406,
140.17208862304688,
140.2581329345703,
138.7667236328125,
139.09178161621094,
138.55641174316406,
137.18930053710938,
136.67303466796875,
141.20458984375,
139.6080322265625,
140.54493713378906,
140.43020629882812,
138.4034423828125,
138.12619018554688,
136.4340362548828,
137.05545043945312,
137.58126831054688,
138.94837951660156,
139.63670349121094,
140.06692504882812,
139.55067443847656,
138.85276794433594,
138.97705078125,
139.61758422851562,
140.23899841308594,
140.14340209960938,
141.05162048339844,
139.51242065429688,
140.03823852539062,
139.27342224121094,
140.2103271484375,
139.9521942138672,
139.0535430908203,
139.24473571777344,
140.0478057861328,
140.12428283691406,
142.3996124267578,
141.806884765625,
141.4340362548828,
142.02676391601562,
142.50477600097656,
144.50286865234375,
144.69407653808594,
143.43212890625,
142.3613739013672,
144.94264221191406,
144.8374786376953,
144.5602264404297,
146.27151489257812,
146.988525390625,
146.48184204101562,
144.6558380126953,
142.47610473632812,
141.86424255371094,
140.7648162841797,
136.4149169921875,
132.90631103515625,
134.6558380126953,
134.92352294921875,
138.73805236816406,
128.15487670898438,
124.80879211425781,
123.42256164550781,
124.3021011352539,
125.43977355957031,
121.61567687988281,
120.88909912109375,
119.3021011352539,
114.37858581542969,
110.3250503540039,
110.35372924804688,
111.6921615600586,
110.58317565917969,
114.78011322021484,
117.7055435180664,
119.34990692138672,
117.95410919189453,
118.1070785522461,
115.58317565917969,
115.52581024169922,
114.91395568847656,
116.09942626953125,
116.22370910644531,
115.01911926269531,
112.04589080810547,
113.35564422607422,
112.03633117675781,
114.3021011352539,
114.75143432617188,
117.5908203125,
116.13766479492188,
118.80496978759766,
119.79923248291016,
116.25238800048828,
118.46080017089844,
114.09178161621094,
115.80306243896484,
115.57361602783203,
115.83174133300781,
115.42064666748047,
114.62715148925781,
110.9942626953125,
111.52007293701172,
111.30975341796875,
108.04971313476562,
106.06118774414062,
102.83938598632812,
106.49139404296875,
108.77629089355469,
108.05927276611328,
108.67112731933594,
110.14340209960938,
107.94454956054688,
112.16061401367188,
112.95410919189453,
114.56022644042969,
115.38240814208984,
116.43403625488281,
116.11854553222656,
115.0956039428711,
116.37667083740234,117.24149
116.2715072631836,117.8756
116.81644439697266,118.42305
118.37476348876953,118.91786
117.13192749023438,119.45635
127.04589080810547,119.888115
126.70172119140625,120.94439
128.07839965820312,122.25179
128.36520385742188,123.70882
128.4225616455078,125.16135
128.47036743164062,126.50338
128.50860595703125,127.68052
128.2026824951172,128.67285
129.24473571777344,129.45735
129.5889129638672,130.13737
130.32504272460938,130.72687
127.33269500732422,131.27151
127.82982635498047,131.52248
128.09751892089844,131.62515
130.06692504882812,131.65097
131.47227478027344,131.77513
130.47801208496094,132.04684
131.95985412597656,132.30583
132.6003875732422,132.64955
131.93116760253906,133.05997
131.7781982421875,133.42542
133.12619018554688,133.72581
133.32696533203125,134.06575
133.57553100585938,134.41385
133.04971313476562,134.75769
132.05545043945312,135.0319
133.07839965820312,135.17041
132.34225463867188,135.29788
131.81643676757812,135.3507
130.95602416992188,135.3179
129.4072723388672,135.174
129.14913940429688,134.86194
131.65391540527344,134.4602
132.1988525390625,134.22504
132.46653747558594,134.13968
132.68641662597656,134.16719
133.29827880859375,134.27422
134.04397583007812,134.46466
134.31166076660156,134.74345
133.46080017089844,135.07062
135.21987915039062,135.33612
133.31739807128906,135.67957
133.0592803955078,135.89418
134.0535430908203,136.00253
133.11663818359375,136.1159
133.7667236328125,136.1502
134.89483642578125,136.18718
136.9980926513672,136.306
136.71128845214844,136.61903
137.31358337402344,136.99416
136.50096130371094,137.4228
136.97897338867188,137.78613
137.08413696289062,138.12129
135.8604278564453,138.4204
136.73040771484375,138.582
137.4569854736328,138.72003
138.0019073486328,138.88585
137.5717010498047,139.09416
138.75717163085938,139.27675
132.9923553466797,139.52109
134.15870666503906,139.34117
132.7820281982422,139.03308
134.26385498046875,138.56583
133.79541015625,138.15793
132.53346252441406,137.77641
133.30784606933594,137.34592
132.93499755859375,136.98195
134.10133361816406,136.6545
134.3785858154297,136.46251
133.4512481689453,136.38217
134.08221435546875,136.30281
134.2064971923828,136.28023
131.58700561523438,136.30031
131.93116760253906,136.14633
129.3881378173828,135.93579
129.3690185546875,135.51653
125.64053344726562,135.01358
127.44741821289062,134.22163
128.48948669433594,133.46745
129.90440368652344,132.86676
128.41299438476562,132.50539
129.17782592773438,132.19754
130.44932556152344,132.00551
130.35372924804688,131.98906
126.56787872314453,132.06685
126.46271514892578,131.91196
124.7227554321289,131.63428
123.98661804199219,131.17729
123.87189483642578,130.60063
121.40535736083984,129.9921
122.62906646728516,129.2301
126.85468292236328,128.53314
125.70745849609375,128.23703
126.40535736083984,128.10562
127.44741821289062,128.13501
128.8145294189453,128.3321
129.9713134765625,128.7117
128.93881225585938,129.25258
129.7896728515625,129.76788
129.2064971923828,130.29428
129.01528930664062,130.7418
130.38241577148438,131.09604
131.05162048339844,131.47101
132.74378967285156,131.87643
133.07839965820312,132.39365
133.2218017578125,132.95786
132.27532958984375,133.51604
132.4282989501953,133.95609
132.4282989501953,134.30653
131.8355712890625,134.5768
133.72848510742188,134.73447
134.0535430908203,134.95753
135.31549072265625,135.2209
135.1625213623047,135.58138
134.3881378173828,135.95566
133.2026824951172,136.25064
134.29254150390625,136.38857
135.0286865234375,136.50888
136.46270751953125,136.66168
137.0172119140625,136.92763
137.2179718017578,137.2769
136.7781982421875,137.66127
143.04971313476562,138.00217
143.09751892089844,138.76724
143.15487670898438,139.70724
143.7667236328125,140.681
143.43212890625,141.64485
143.7762908935547,142.49991
144.70362854003906,143.2517
144.24473571777344,143.95403
143.18356323242188,144.534
141.72084045410156,144.91682
143.70936584472656,145.04536
140.77438354492188,145.17258
134.56979370117188,145.05609
134.54110717773438,144.34074
132.9923553466797,143.3516
133.93881225585938,142.16125
130.14340209960938,141.023
127.79158782958984,139.71237
129.818359375,138.23749
125.47801208496094,136.94037
126.11854553222656,135.51538
127.87763214111328,134.18637
129.10133361816406,133.14525
127.15105438232422,132.43945
128.34608459472656,131.83647
128.41299438476562,131.43417
123.87189483642578,131.18298
124.27342224121094,130.70273
125.40152740478516,130.16661
126.9216079711914,129.7226
128.94837951660156,129.47778
129.56979370117188,129.51654
128.2026824951172,129.76143
130.32504272460938,130.00642
134.7705535888672,130.39394
134.3881378173828,131.16243
136.32887268066406,132.05824
138.67112731933594,133.10672
137.28489685058594,134.33598
137.30401611328125,135.46684
137.35182189941406,136.45763
136.21414184570312,137.29324
135.9464569091797,137.88702
135.965576171875,138.27614
136.68260192871094,138.51747
135.64053344726562,138.70772
135.82217407226562,138.77187
135.44932556152344,138.77368
136.86424255371094,138.70946
137.23709106445312,138.71915
136.9407196044922,138.7947
139.0248565673828,138.8787
137.34225463867188,139.11935
135.45889282226562,139.29855
135.77438354492188,139.28952
136.70172119140625,139.20018
135.06692504882812,139.13974
132.29444885253906,138.97401
133.52772521972656,138.5545
134.92352294921875,138.12062
136.48184204101562,137.81346
135.7935028076172,137.71783
136.71128845214844,137.69687
135.8604278564453,137.7925
128.3556365966797,137.88179
128.193115234375,137.39572
126.74951934814453,136.62123
128.06883239746094,135.63043
128.47036743164062,134.69337
128.1739959716797,133.88683
129.48374938964844,133.19594
129.9904327392578,132.7246
127.93498992919922,132.4527
129.30210876464844,132.16411
127.84894561767578,131.995
129.56979370117188,131.79749
131.6156768798828,131.73065
131.8260040283203,131.89441
132.67686462402344,132.19232
131.63479614257812,132.60959
131.55831909179688,132.98515
129.51242065429688,133.30444
129.6271514892578,133.41345
128.5659637451172,133.40503
128.10707092285156,133.24922
128.48948669433594,132.98798
128.4034423828125,132.71516
128.6042022705078,132.44946
127.34225463867188,132.22365
127.95410919189453,131.94405
128.43212890625,131.70302
129.9904327392578,131.53712
129.14913940429688,131.54292
127.88719177246094,131.58257
128.53729248046875,131.54689
127.06501007080078,131.52115
126.30975341796875,131.39209
126.18547058105469,131.15987
126.1089859008789,130.87778
127.36137390136719,130.58304
128.0305938720703,130.39691
128.02102661132812,130.33574
127.87763214111328,130.35048
129.3690185546875,130.39796
128.30784606933594,130.57217
128.23135375976562,130.7251
128.31739807128906,130.85057
128.49903869628906,130.95694
128.64244079589844,131.05737
129.6271514892578,131.15706
129.5889129638672,131.32178
129.04397583007812,131.50699
128.97705078125,131.64948
129.32122802734375,131.75224
126.96940612792969,131.8496
128.1453094482422,131.76015
129.46463012695312,131.66138
128.43212890625,131.6602
128.2026824951172,131.63634
128.28871154785156,131.5863
129.35946655273438,131.53159
130.72657775878906,131.55775
130.67877197265625,131.72864
130.5927276611328,131.96446
129.84703063964844,132.21378
130.6118621826172,132.39613
131.91204833984375,132.58405
132.2275390625,132.85602
133.04971313476562,133.17688
137.5621337890625,133.56247
136.58700561523438,134.29279
134.3785858154297,135.08466
132.52389526367188,135.68736
133.41299438476562,135.99826
131.63479614257812,136.18599
130.75526428222656,136.1506
137.4091796875,135.92622
139.8374786376953,136.11153
142.55258178710938,136.68771
149.45506286621094,137.64754
149.86614990234375,139.27466
146.66348266601562,141.17978
147.6386260986328,142.85272
146.73040771484375,144.3429
148.47991943359375,145.53566
147.52389526367188,146.5988
144.07266235351562,147.42253
144.45506286621094,147.7783
144.22561645507812,147.87483
144.56979370117188,147.79247
143.25047302246094,147.63876
139.9904327392578,147.35149
135.47801208496094,146.76169
133.6042022705078,145.7063
127.25621032714844,144.33464
124.42638397216797,142.40819
128.3938751220703,140.11728
123.23136138916016,138.09995
128.31739807128906,135.998
123.85277557373047,134.40456
122.11280822753906,132.88371
112.62906646728516,131.40549
119.2829818725586,129.37012
112.78202819824219,127.678894
98.2887191772461,125.8288
103.20267486572266,122.992775
94.7227554321289,120.18489
101.95984649658203,116.999306
98.99617767333984,114.36052
95.9273452758789,112.02657
91.19503021240234,109.83809
90.602294921875,107.57669
100.84130096435547,105.4065
101.19503021240234,104.152214
107.92543029785156,103.55525
103.27915954589844,103.85276
107.96366882324219,104.33872
106.05162811279297,105.22303
100.51625061035156,106.14577
105.16252136230469,106.638306
101.66348266601562,107.16543
109.77055358886719,107.431725
109.8852767944336,108.09168
114.04397583007812,108.94348
116.15679168701172,110.13825
115.82218170166016,111.59543
118.46080017089844,113.07422
113.4703598022461,114.643105
110.64053344726562,115.7877
114.83747863769531,116.396835
115.1147232055664,116.94887
111.62523651123047,117.44199
114.06309509277344,117.612564
116.01338195800781,117.75929
119.23518371582031,118.018074
120.38240814208984,118.55255
120.7170181274414,119.287575
123.03059387207031,120.10704
120.03823852539062,121.08057
116.51051330566406,121.84919
116.32887268066406,122.18509
117.18929290771484,122.23284
117.75334930419922,122.17059
115.8986587524414,122.0882
117.58126068115234,121.864655
117.1988525390625,121.69982
114.97132110595703,121.55132
110.64053344726562,121.26238
111.806884765625,120.60275
111.83556365966797,119.86636
116.21414947509766,119.1413
115.0,118.79231
116.04206848144531,118.59787
113.88145446777344,118.585
113.18355560302734,118.522705
116.40535736083984,118.38817
120.01911926269531,118.4537
119.05353546142578,118.88866
119.40726470947266,119.43458
119.397705078125,120.03107
120.45889282226562,120.61086
123.37476348876953,121.2139
123.22179412841797,121.99572
126.25238800048828,122.80844
129.78012084960938,123.79952
126.07074737548828,125.07471
124.15869903564453,126.14101
112.82026672363281,126.86777
116.54875946044922,126.5074
116.3001937866211,125.8353
119.64627075195312,125.00737
118.69024658203125,124.39665
118.6998062133789,123.884186
117.0841293334961,123.47036
115.74569702148438,123.02755
114.15869903564453,122.50616
111.3001937866211,121.864914
113.79541015625,120.997826
112.03633117675781,120.2487
114.48374938964844,119.495544
115.45889282226562,118.97561
113.32695770263672,118.69901
114.43594360351562,118.43191
114.9043960571289,118.27276
112.4091796875,118.22151
112.53346252441406,118.057976
110.62141418457031,117.85302
113.14531707763672,117.50255
113.95793151855469,117.276665
115.2963638305664,117.197075
117.5908203125,117.30501
118.55640411376953,117.67867
119.6080322265625,118.24775
120.8126220703125,118.96369
120.51625061035156,119.79787
123.011474609375,120.615486
121.73040008544922,121.54311
120.25812530517578,122.368484
120.65965270996094,122.96532
118.99617767333984,123.41397
119.80879211425781,123.61948
117.4952163696289,123.728806
117.53346252441406,123.6033
118.84320831298828,123.3563
120.30592346191406,123.15208
119.93307495117188,123.09268
120.57361602783203,123.093025
119.46463012695312,123.17514
121.52007293701172,123.216545
121.17591094970703,123.38204
121.12810516357422,123.57901
119.53154754638672,123.776215
119.76099395751953,123.84164
118.96749877929688,123.84394
119.42638397216797,123.75067
118.39388275146484,123.64329
117.73422241210938,123.45979
117.74378967285156,123.19935
120.15296173095703,122.91538
119.15869903564453,122.81454
118.70936584472656,122.7527
119.16825866699219,122.68721
119.56979370117188,122.65848
117.88719177246094,122.68193
117.97322845458984,122.6111
122.54302215576172,122.49922
118.97705841064453,122.70418
116.9216079711914,122.81312
115.8795394897461,122.71324
116.88336181640625,122.425934
115.25812530517578,122.12537
116.11854553222656,121.72079
116.72084045410156,121.35113
117.05545043945312,121.072525
118.75717163085938,120.892
119.42638397216797,120.90549
117.36137390136719,121.07803
114.96176147460938,121.1801
115.2103271484375,121.06185
113.60420989990234,120.844795
112.8967514038086,120.47013
113.71892547607422,119.98318
116.37667083740234,119.52802
115.62141418457031,119.31668
116.3193130493164,119.20699
115.76481628417969,119.21657
115.26768493652344,119.25453
116.64435577392578,119.27101
116.60611724853516,119.37353
118.61376953125,119.51445
125.70745849609375,119.81246
122.17017364501953,120.69179
121.61567687988281,121.58125
119.59847259521484,122.37306
120.40152740478516,122.9004
119.397705078125,123.293846
120.3919677734375,123.504425
120.0,123.66613
112.20841217041016,123.756836
110.0,123.23157
110.6692123413086,122.23916
110.8986587524414,121.10173
107.28489685058594,119.981926
105.6978988647461,118.698296
101.95984649658203,117.3081
104.1204605102539,115.69771
106.74951934814453,114.23764
107.94454956054688,113.15898
109.13957977294922,112.46733
106.97896575927734,112.13823
109.7227554321289,111.89379
109.02485656738281,111.911865
110.44933319091797,112.03236
112.72466278076172,112.30532
112.04589080810547,112.80821
109.46463012695312,113.35985
111.7112808227539,113.71623
113.15487670898438,114.092804
112.5239028930664,114.554756
111.63479614257812,114.98681
112.02677154541016,115.30623
111.79732513427734,115.56438
114.80879211425781,115.75063
118.94837188720703,116.09617
118.73805236816406,116.80338
118.88145446777344,117.65158
118.08795166015625,118.528885
117.74378967285156,119.29884
119.13957977294922,119.92284
118.17399597167969,120.51495
121.60611724853516,120.97147
119.216064453125,121.56406
120.181640625,122.01293
121.21414947509766,122.41657
119.46463012695312,122.83637
118.80496978759766,123.10414
118.0975112915039,123.21644
120.3919677734375,123.17798
120.02867889404297,123.22201
120.02867889404297,123.28067
120.31549072265625,123.34365
117.96366882324219,123.424774
118.17399597167969,123.3379
118.45124053955078,123.1778
119.20649719238281,123.0065
119.3307876586914,122.896
118.35564422607422,122.837296
118.87189483642578,122.74205
120.34416961669922,122.671455
118.48948669433594,122.72688
120.59273529052734,122.714615
123.60420989990234,122.81945
123.31739807128906,123.201294
122.87763214111328,123.69138
122.92543029785156,124.17588
123.52772521972656,124.62412
121.33843231201172,125.06082
123.29827880859375,125.29571
122.74378967285156,125.54195
123.34607696533203,125.73196
124.35946655273438,125.91976
125.86042022705078,126.1653
113.39388275146484,126.53451
113.36520385742188,126.028206
117.1032485961914,125.07098
117.0841293334961,124.196045
114.79923248291016,123.42833
113.87189483642578,122.616325
115.23900604248047,121.77673
114.1873779296875,121.08495
113.88145446777344,120.45424
115.6978988647461,119.88658
116.43403625488281,119.530136
118.17399597167969,119.3754
116.73040008544922,119.47549
116.86424255371094,119.61149
115.59273529052734,119.7698
115.4875717163086,119.83734
114.7896728515625,119.8409
114.69407653808594,119.756874
115.42064666748047,119.62243
113.75717163085938,119.52167
115.54492950439453,119.328
115.40152740478516,119.22574
117.79158782958984,119.17264
117.0841293334961,119.325096
113.6998062133789,119.532936
115.43020629882812,119.51409
115.03823852539062,119.4926
116.97896575927734,119.440895
114.82791900634766,119.51602
117.42829895019531,119.50252
119.32122039794922,119.62836
118.71892547607422,119.96009
122.24665069580078,120.34182
121.54875946044922,120.980385
121.99808502197266,121.6662
122.92543029785156,122.36112
122.60037994384766,123.0754
123.35564422607422,123.72138
124.34034729003906,124.333755
123.23136138916016,124.950615
124.80879211425781,125.43992
124.7227554321289,125.93466
124.87571716308594,126.38548
127.21797180175781,126.78725
130.38241577148438,127.30164
129.88528442382812,128.07202
128.79541015625,128.89067
127.39962005615234,129.59435
127.37093353271484,130.07428
129.9521942138672,130.38638
128.31739807128906,130.76776
128.9961700439453,131.03278
129.17782592773438,131.26306
129.76100158691406,131.46677
128.67112731933594,131.6818
125.41108703613281,131.80376
126.79732513427734,131.62086
126.74951934814453,131.38402
127.71510314941406,131.12653
127.26577758789062,130.94838
132.08413696289062,130.79446
137.23709106445312,131.02551
135.06692504882812,131.83795
136.16635131835938,132.75565
135.3441619873047,133.75154
135.7648162841797,134.65144
136.71128845214844,135.45891
137.89674377441406,136.21994
135.64053344726562,136.98195
138.3843231201172,137.51164
139.34034729003906,138.07819
138.83364868164062,138.6868
141.89292907714844,139.23152
139.06309509277344,139.93008
139.7418670654297,140.43945
137.87762451171875,140.85828
135.08604431152344,141.04662
137.829833984375,140.87833
138.31739807128906,140.73172
138.72848510742188,140.6369
137.58126831054688,140.60909
136.89292907714844,140.53354
137.55258178710938,140.38658
138.374755859375,140.26088
138.3556365966797,140.21722
137.46653747558594,140.22057
137.07456970214844,140.18333
137.49522399902344,140.0979
137.41873168945312,140.02386
137.8489532470703,139.95494
139.31166076660156,139.92725
139.14913940429688,140.03552
140.93690490722656,140.19814
141.51051330566406,140.5164
142.51434326171875,140.93922
144.04397583007812,141.46516
143.91969299316406,142.12422
144.6271514892578,142.79556
143.43212890625,143.47636
142.7915802001953,144.01555
141.32887268066406,144.38466
139.1969451904297,144.51534
136.8260040283203,144.33807
140.2007598876953,143.82071
139.92352294921875,143.41122
138.25047302246094,143.06354
139.04397583007812,142.65213
140.38241577148438,142.3013
138.90057373046875,142.11201
139.14913940429688,141.91417
140.14340209960938,141.75024
140.38241577148438,141.69353
133.86233520507812,141.71881
132.67686462402344,141.29253
133.67112731933594,140.56712
134.55067443847656,139.80273
135.29637145996094,139.13863
134.72274780273438,138.63873
134.11090087890625,138.22829
133.67112731933594,137.85762
134.27342224121094,137.50768
132.7915802001953,137.2438
131.8546905517578,136.93752
133.8145294189453,136.56413
135.08604431152344,136.33096
134.52198791503906,136.28859
135.12428283691406,136.31577
136.49139404296875,136.42899
136.47227478027344,136.6856
135.53536987304688,137.00156
135.68833923339844,137.25749
134.76100158691406,137.47292
135.2007598876953,137.57771
137.73422241210938,137.64587
136.48184204101562,137.87788
136.49139404296875,138.08614
137.7533416748047,138.26889
135.03823852539062,138.51804
135.1625213623047,138.57733
135.87954711914062,138.53838
136.7781982421875,138.49873
136.88336181640625,138.52762
137.27532958984375,138.59972
136.1567840576172,138.7208
133.33651733398438,138.77504
131.95028686523438,138.57552
132.9923553466797,138.14656
133.47991943359375,137.69946
133.69024658203125,137.31012
133.70936584472656,136.9992
132.67686462402344,136.75908
133.27915954589844,136.50099
132.85850524902344,136.3005
134.1682586669922,136.11583
133.1739959716797,136.05446
133.85276794433594,135.99164
133.44168090820312,135.98683
131.988525390625,135.98364
132.5717010498047,135.8736
131.68260192871094,135.75758
130.9942626953125,135.57877
132.07456970214844,135.32803
130.2294464111328,135.1378
131.16635131835938,134.8565
130.43020629882812,134.61906
129.28298950195312,134.3681
128.4034423828125,134.04472
127.12236785888672,133.64128
128.70936584472656,133.12878
130.71701049804688,132.71391
131.44358825683594,132.53415
132.46653747558594,132.55559
131.42446899414062,132.76823
133.0592803955078,132.99628
132.8202667236328,133.34074
137.0172119140625,133.7051
137.7724609375,134.3688
136.8546905517578,135.2037
136.09942626953125,136.0038
135.5736083984375,136.667
136.92160034179688,137.16093
136.16635131835938,137.62094
134.29254150390625,137.9646
134.56979370117188,138.07394
137.08413696289062,138.06404
138.25047302246094,138.17432
136.06118774414062,138.42719
135.73614501953125,138.57446
135.65965270996094,138.62987
122.6864242553711,138.6218
122.25621032714844,137.59622
122.02677154541016,136.06467
121.53919982910156,134.34088
119.66539001464844,132.60284
120.30592346191406,130.8532
119.59847259521484,129.28336
120.72657775878906,127.88534
120.63097381591797,126.779144
121.53919982910156,125.91906
120.8499984741211,125.3356
123.61000061035156,124.90701
124.54000091552734,124.80552
120.8499984741211,124.96774
120.22000122070312,125.0011
120.2699966430664,124.91736
118.95999908447266,124.77705
118.87000274658203,124.519516
118.45999908447266,124.209854
118.05999755859375,123.86457
116.66000366210938,123.49725
116.05000305175781,123.04457
116.47000122070312,122.535
116.79000091552734,122.06292
116.7300033569336,121.6718
115.80999755859375,121.35347
118.5,121.035835
117.0999984741211,120.93895
116.91999816894531,120.87416
116.9000015258789,120.822235
118.83999633789062,120.78074
119.91000366210938,120.8893
121.58000183105469,121.153015
123.0199966430664,121.608
123.56999969482422,122.243614
124.08999633789062,122.975395
122.58000183105469,123.745285
123.76000213623047,124.367485
123.11000061035156,124.94444
125.93000030517578,125.40123
127.4000015258789,125.96114
127.05999755859375,126.64236
128.97000122070312,127.31506
129.75,128.07294
130.6300048828125,128.87663
131.6199951171875,129.70909
132.6300048828125,130.56601
133.35000610351562,131.44427
133.91000366210938,132.31865
133.66000366210938,133.16324
136.0399932861328,133.90463
138.02000427246094,134.70721
138.22000122070312,135.62637
135.33999633789062,136.55243
134.8300018310547,137.19183
135.02999877929688,137.58228
132.8699951171875,137.8125
133.58999633789062,137.76657
134.75999450683594,137.62282
134.2100067138672,137.51852
132.94000244140625,137.39989
131.5800018310547,137.18707
130.82000732421875,136.83597
129.35000610351562,136.37708
128.82000732421875,135.78172
136.10000610351562,135.11652
134.25999450683594,135.00873
132.52000427246094,135.07826
134.5,135.12036
133.57000732421875,135.29611
135.52999877929688,135.46109
137.25,135.75702
137.77999877929688,136.23131
137.14999389648438,136.80913
137.24000549316406,137.35405
137.02000427246094,137.84612
137.7899932861328,138.25223
133.52000427246094,138.63562
132.69000244140625,138.65015
130.14999389648438,138.39786
129.94000244140625,137.81969
129.17999267578125,137.0879
124.97000122070312,136.26648
124.3499984741211,135.1426
123.91999816894531,133.89459
122.06999969482422,132.63986
121.97000122070312,131.3416
124.18000030517578,130.11505
122.51000213623047,129.188
121.3499984741211,128.37929
123.86000061035156,127.62024
125.93000030517578,127.135544
126.62000274658203,126.99635
126.06999969482422,127.11796
125.68000030517578,127.34202
126.22000122070312,127.58184
124.3499984741211,127.853775
123.95999908447266,127.985214
123.94000244140625,127.99996
125.63999938964844,127.9453
127.04000091552734,127.9805
127.95999908447266,128.16646
128.75999450683594,128.49245
128.10000610351562,128.9334
129.05999755859375,129.35757
128.3000030517578,129.81204
129.25,130.19089
131.35000610351562,130.5686
131.47000122070312,131.071
131.94000244140625,131.61227
132.1300048828125,132.16957
130.02000427246094,132.70627
130.14999389648438,133.03096
130.27000427246094,133.22096
128.88999938964844,133.32585
129.38999938964844,133.26912
128.5500030517578,133.1628
127.7300033569336,132.97133
126.37000274658203,132.68536
125.9800033569336,132.26642
126.13999938964844,131.77591
126.55999755859375,131.29384
126.16999816894531,130.88437
129.14999389648438,130.51874
138.32000732421875,130.42873
139.85000610351562,131.1826
138.25,132.46986
139.10000610351562,133.84851
136.19000244140625,135.24179
135.05999755859375,136.31355
135.74000549316406,137.0359
132.2100067138672,137.55234
133.0399932861328,137.63963
132.52000427246094,137.54247
137.39999389648438,137.30339
135.9199981689453,137.36954
137.6699981689453,137.48344
134.44000244140625,137.75261
129.1300048828125,137.84178
130.75,137.42609
132.89999389648438,136.88472
133.60000610351562,136.46841
135.02999877929688,136.20395
138.3699951171875,136.15434
132.94000244140625,136.48189
129.66000366210938,136.58609
128.47999572753906,136.31903
131.1699981689453,135.77571
133.8000030517578,135.31824
134.38999938964844,135.13661
136.88999938964844,135.16823
139.27000427246094,135.50902
138.83999633789062,136.17757
139.42999267578125,136.94803
140.14999389648438,137.76437
141.17999267578125,138.5972
142.8800048828125,139.45137
142.77999877929688,140.37828
140.8300018310547,141.26324
137.9600067138672,141.90617
136.19000244140625,142.14423
135.11000061035156,142.00119
135.72000122070312,141.57014
137.05999755859375,141.05429
135.6699981689453,140.62854
135.02000427246094,140.17834
137.85000610351562,139.70346
137.0800018310547,139.4668
138.44000244140625,139.32018
142.05999755859375,139.34271
142.8000030517578,139.73271
141.86000061035156,140.35298
140.7100067138672,140.98608
141.19000244140625,141.49242
141.1199951171875,141.9253
